,ImageId,EncodedPixels
27731,1ec9d9c58.jpg,347512 1 348278 4 349044 6 349810 9 350577 10 351343 13 352109 15 352875 18 353642 19 354408 22 355174 25 355940 27 356706 30 357473 31 358239 34 359005 36 359771 39 360538 40 361304 43 362070 46 362836 48 363603 50 364372 49 365140 50 365909 49 366677 50 367446 50 368214 50 368983 50 369752 49 370520 50 371289 49 372057 50 372826 49 373594 50 374363 50 375131 50 375900 50 376669 49 377437 50 378206 49 378974 50 379743 49 380511 50 381280 50 382049 49 382817 50 383586 49 384354 50 385123 49 385891 50 386660 49 387428 50 388197 50 388966 49 389734 50 390503 49 391271 50 392040 49 392808 50 393577 50 394346 49 395114 50 395883 49 396651 50 397420 49 398188 50 398957 49 399725 50 400494 50 401263 49 402031 50 402800 49 403568 50 404337 49 405105 50 405874 49 406643 49 407411 50 408180 49 408948 50 409717 49 410485 50 411254 49 412022 50 412791 49 413560 49 414328 50 415097 49 415865 50 416634 49 417402 50 418171 49 418940 49 419708 50 420477 49 421245 50 422014 49 422782 50 423551 49 424319 50 425088 49 425857 49 426625 50 427394 49 428162 50 428931 49 429699 50 430468 49 431237 49 432005 49 432774 49 433542 50 434311 49 435079 50 435848 49 436616 50 437385 49 438154 49 438922 49 439691 49 440459 50 441228 49 441996 50 442765 49 443534 49 444302 49 445071 49 445839 49 446608 49 447376 50 448145 49 448913 50 449682 49 450451 49 451219 49 451988 49 452756 50 453525 49 454293 50 455062 49 455831 49 456599 49 457368 49 458136 49 458905 49 459673 50 460442 49 461211 49 461979 49 462748 49 463516 49 464285 49 465053 49 465822 49 466590 50 467359 49 468128 49 468896 49 469665 49 470433 49 471202 49 471970 49 472739 49 473508 49 474276 49 475045 49 475813 49 476582 49 477350 49 478119 49 478887 50 479656 49 480425 49 481193 49 481962 49 482730 49 483499 49 484267 49 485036 49 485805 49 486573 49 487342 49 488110 49 488879 49 489647 49 490416 49 491184 49 491953 49 492722 49 493490 49 494259 49 495027 49 495796 49 496564 49 497333 49 498102 48 498870 49 499639 49 500407 49 501176 49 501944 49 502713 49 503481 49 504250 49 505019 49 505787 49 506556 49 507324 49 508093 49 508861 49 509630 49 510399 48 511167 49 511936 49 512704 49 513473 49 514241 49 515010 49 515778 49 516547 49 517316 48 518084 49 518853 47 519621 45 520390 42 521158 40 521927 38 522696 35 523464 33 524233 31 525001 29 525770 26 526538 24 527307 22 528075 20 528844 17 529613 15 530381 13 531150 10 531918 8 532687 6 533455 4 534224 1
70977,4e9861bbd.jpg,378106 1 378873 3 379640 6 380408 7 381175 9 381942 11 382709 11 383477 10 384244 11 385011 11 385778 11 386545 11 387313 11 388080 11 388847 11 389614 11 390382 10 391149 11 391916 11 392685 9 393454 7 394224 5 394993 3 395762 1
70978,4e9861bbd.jpg,295223 1 295990 4 296758 6 297525 9 298293 10 299060 13 299828 15 300595 17 301362 20 302130 22 302897 25 303665 26 304432 26 305200 26 305967 26 306734 27 307502 26 308269 27 309037 26 309804 27 310572 26 311339 26 312106 27 312874 26 313641 27 314409 26 315176 27 315944 26 316711 27 317479 26 318246 27 319013 27 319781 26 320548 27 321316 26 322083 27 322851 26 323618 27 324385 27 325153 27 325920 27 326688 26 327455 27 328223 26 328990 27 329757 27 330525 27 331292 27 332060 27 332827 27 333595 26 334362 27 335129 27 335897 27 336664 27 337432 27 338199 27 338967 27 339734 27 340503 26 341273 23 342043 20 342813 18 343583 15 344353 13 345122 11 345892 9 346662 6 347432 4 348202 1
80610,59098d6c3.jpg,751 16 1519 18 2286 19 3054 19 3821 20 4589 20 5357 20 6124 21 6892 21 7659 22 8427 22 9195 22 9962 23 10730 23 11497 24 12265 24 13033 24 13800 25 14568 25 15335 26 16103 26 16871 26 17638 27 18406 27 19173 28 19941 28 20709 28 21476 29 22244 29 23011 30 23779 30 24547 30 25314 31 26082 31 26849 32 27617 32 28385 32 29152 33 29920 33 30687 34 31455 34 32223 34 32990 35 33758 35 34525 36 35293 36 36061 36 36828 37 37596 37 38363 38 39131 38 39899 38 40666 39 41434 39 42201 40 42969 40 43737 40 44504 41 45272 41 46039 42 46807 42 47575 42 48342 43 49110 43 49877 44 50645 44 51413 44 52180 45 52948 45 53715 46 54483 46 55251 46 56018 47 56786 47 57553 48 58321 48 59089 48 59856 49 60624 49 61391 50 62159 50 62927 50 63694 51 64462 51 65229 52 65997 52 66765 52 67532 53 68300 53 69067 54 69835 54 70603 54 71370 55 72138 55 72905 56 73673 55 74441 55 75208 55 75976 55 76743 56 77511 55 78279 55 79046 55 79814 55 80581 56 81349 55 82117 55 82884 55 83652 55 84419 56 85187 55 85955 55 86722 55 87490 55 88257 56 89025 55 89793 55 90560 55 91328 55 92095 56 92863 55 93631 55 94398 55 95166 55 95933 56 96701 55 97469 55 98236 55 99004 55 99771 56 100539 55 101307 55 102074 55 102842 55 103609 56 104377 55 105145 55 105912 56 106680 55 107447 56 108215 55 108983 55 109750 56 110518 55 111285 56 112053 55 112821 55 113588 56 114356 55 115123 56 115891 55 116659 55 117426 56 118194 55 118961 56 119729 55 120497 55 121264 56 122032 55 122799 56 123567 55 124335 55 125102 56 125870 55 126637 56 127405 55 128173 55 128940 56 129708 55 130475 56 131243 55 132011 55 132778 56 133546 55 134313 56 135081 55 135849 55 136616 56 137384 55 138151 56 138919 55 139687 55 140454 56 141222 55 141989 56 142757 55 143525 55 144292 56 145060 55 145827 56 146595 55 147363 55 148130 56 148898 55 149665 56 150433 55 151201 55 151968 56 152736 55 153503 56 154271 55 155039 55 155806 56 156574 55 157341 56 158109 55 158877 55 159644 56 160412 55 161179 56 161947 55 162715 55 163482 56 164250 55 165017 56 165785 55 166553 55 167320 56 168088 55 168855 56 169623 55 170391 55 171158 56 171926 55 172693 56 173461 56 174229 55 174996 56 175764 55 176531 56 177299 56 178067 55 178834 56 179602 55 180369 56 181137 56 181905 55 182672 56 183440 55 184207 56 184975 56 185743 55 186510 56 187278 55 188045 56 188813 56 189581 55 190348 56 191116 55 191883 56 192651 56 193421 53 194191 51 194962 47 195732 45 196503 42 197273 39 198044 36 198814 33 199585 30 200355 28 201125 25 201896 22 202666 19 203437 16 204207 14 204978 10 205748 8 206519 4 207289 2
88472,61a49b52a.jpg,172911 2 173677 5 174445 5 175214 5 175982 5 176751 5 177519 6 178288 5 179056 6 179825 5 180593 6 181362 3 182130 1
88473,61a49b52a.jpg,209724 2 210492 5 211259 9 212027 12 212795 15 213563 19 214330 23 215098 26 215866 29 216633 33 217401 36 218169 39 218936 43 219704 46 220472 49 221240 52 222007 57 222775 60 223545 61 224316 61 225087 61 225858 60 226629 57 227401 52 228172 49 228943 46 229714 41 230485 38 231256 2 231260 31 232031 27 232802 24 233574 20 234345 17 235116 13 235886 11 236654 12 237425 9 238196 5 238967 2
88474,61a49b52a.jpg,514 13 1281 15 2050 15 2819 15 3588 15 4356 15 5125 15 5894 15 6663 15 7432 15 8201 15 8970 15 9739 15 10507 15 11276 15 12045 15 12814 15 13583 15 14352 15 15121 15 15890 15 16658 16 17427 15 18196 15 18965 15 19734 15 20503 15 21272 13 22041 11 22809 10 23578 7 24347 5 25116 3 25885 1
88475,61a49b52a.jpg,157053 1 157820 4 158588 5 159355 8 160122 10 160890 11 161657 14 162426 14 163196 14 163965 14 164735 14 165504 14 166273 14 167043 14 167812 14 168582 11 169351 10 170121 7 170890 5 171659 4 172429 1
88476,61a49b52a.jpg,229757 1 230524 6 231292 10 232060 14 232827 19 233595 21 234363 21 235130 22 235898 21 236668 19 237440 15 238212 11 238984 6 239756 2
88477,61a49b52a.jpg,232026 1 232793 5 233561 8 234328 12 235096 15 235863 20 236631 23 237401 20 238173 16 238944 13 239715 10 240487 5 241258 2
88478,61a49b52a.jpg,286305 1 287071 4 287838 5 288607 5 289375 6 290144 5 290912 6 291681 6 292449 6 293218 6 293986 4 294755 1
205222,e2e104bf8.jpg,372564 1 373330 4 374097 5 374864 7 375630 9 376397 11 377166 11 377934 11 378703 11 379471 11 380240 11 381009 11 381777 11 382546 11 383314 11 384083 11 384852 9 385620 7 386389 5 387157 4 387926 1
205223,e2e104bf8.jpg,247588 2 248355 5 249123 7 249890 9 250658 9 251425 9 252193 9 252960 9 253728 9 254495 9 255263 9 256030 9 256800 7 257570 4 258340 2
205224,e2e104bf8.jpg,397900 11 398668 22 399436 22 400204 22 400972 22 401740 22 402508 22 403276 22 404044 22 404812 22 405580 22 406348 22 407116 22 407884 22 408652 21 409420 21 410188 21 410956 21 411724 21 412492 21 413259 22 414027 22 414795 22 415563 22 416331 22 417099 22 417867 22 418635 22 419403 22 420171 22 420939 22 421707 22 422475 22 423243 22 424011 22 424779 22 425547 22 426315 22 427083 22 427851 22 428619 21 429387 21 430155 21 430923 21 431691 21 432459 21 433227 21 433995 21 434763 21 435531 21 436299 21 437067 21 437835 21 438603 21 439371 21 440139 21 440907 21 441675 21 442442 22 443210 22 443978 22 444746 22 445514 22 446282 22 447050 22 447818 21 448586 21 449354 21 450122 21 450890 21 451658 21 452426 21 453194 21 453962 21 454730 21 455498 21 456266 21 457045 10
